clase,mensaje
NoSpam,Acuerdo para la reunión de planeación
NoSpam,[IMPORTANTE] Cambio de hora en la cita de mañana
NoSpam,Envio de información solicitada
NoSpam,Problema de autenticación resuelto
NoSpam,Activación correcta de tu cuenta
NoSpam,Fotos para enviar
NoSpam,Recibo del curso para escanear
NoSpam,Datos de las cuentas de acceso
NoSpam,Confirmación de proceso de Autovinculación
NoSpam,Confirmación de Activación de Cuenta en App Móvil
NoSpam,Por si les interesa: Vacante para Becario proyecto inteligencia artificial
NoSpam,Información sobre seguro de gastos médicos mayores
NoSpam,Se ha modificado la información de tu cuenta
NoSpam,Solicitud para cambio de contraseña
NoSpam,
NoSpam,Confirmación de compra digital de Nintendo
NoSpam,Confirmación de fondos añadidos a tu cuenta
NoSpam,Aportación Voluntaria Depositada con Éxito
NoSpam,Este es su link de confirmación de correo
NoSpam,Confirmación de Orden de compra
NoSpam,"Gracias por confirmar tu asistencia, te esperamos mañana"
NoSpam,Invitación para participantes
NoSpam,Información importante para tu asistencia a AWS Summit México City
NoSpam,Presentación
NoSpam,Re: Actividad de aprendizaje 4.- Invitation to edit
NoSpam,(sin asunto)
NoSpam,Re: Duda sobre declaración de horas trabajadas
NoSpam,"Por favor, finaliza tu registro al evento"
NoSpam,Ya casi finaliza tu proceso de inscripción
Spam,Faltan 3 días - Study UK Fair en la CDMX ¡Entrada gratuita!
Spam,"Auth0 Is A Gartner Visionary, Coding How-Tos, And More"
Spam,PRÓXIMAMENTE: cursos de francés más breves
Spam,"Pensamos que podría gustarte el curso ""The Data Science Course 2019: Complete Data Science..."
Spam,Pensamos que podrían gustarte estos cursos sobre Informática y software. Consíguelos aho...
Spam,"Usuario, agregamos una película que podría gustarte"
Spam,"Usuario, ¿conoces a María Sánchez?"
Spam,DrossOficial acaba de subir un nuevo vídeo
Spam,
Spam,[Regístrate al Webinar] Desarrolla tu primer juego de trivia con Alexa
Spam,Cursos recomendados para tí
Spam,¡Flash Sale termina hoy por la noche! Ahorra más del 70%
Spam,Nuevo precio para Candlewood Suites Anaheim - Resort Area?
Spam,"Tenemos cursos nuevos sobre las habilidades más actuales, desde sólo MX$172.25"
Spam,¡Flash Sale termina en 24 horas! Ahorra más del 70%
Spam,Tenemos una nueva vacante de Ingeniería en el Estado de México
Spam,
Spam,Ya está aquí tu catálogo de cursos semanal. 15 nuevas sugerencias elegidas pensando en ti.
Spam,"Usuario, agregamos un programa de TV que podría gustarte"
Spam,Todo lo que tenga aguacate tiene 15% y 25% OFF
Spam,Abre la puerta a tu viaje perfecto -
Spam,Usuario: Te esperan hermosas playas e impresionantes arrecifes...
Spam,"Usuario, hay personas que ven tu perfil de LinkedIn"
Spam,"Usuario, tienes 1 nueva actualización esperándote en LinkedIn"
Spam,Ready to take off the training wheels?
Spam,Watson Assistant - Feature Updates: september 2019
Spam,"Usuario, ¿conoces a Luis Hernández?"
Spam,Noticias Socios Pase Anual (11 Septiembre - 29 Septiembre)
Spam,¡Las rebajas terminan hoy!
Spam,"Usuario, entabla una conversación con tu nuevo contacto, Usuario2"
Spam,Where can I learn C++ for free?
Spam,"¿Tienes una agenda apretada? No hay problema, nos adaptamos a tí"
Spam,Learn How to Use HLS to Optimize Your AI Inference Solution
Spam,Discover the better way to learn (+25% off Pro)
Spam,¡MOVO te sigue consintiendo!
Spam,Can I learn Python in a month?
Spam,Consigue lo mejor: cursos de ensueño desde sólo MX$159
Spam,Adivina: ¿cuál es el destino n.° 1 para los viajeros?
Spam,Estreno el viernes 13 de Septiembre... Monarca
Spam,"Usuario, tienes una nueva actualización esperándote en LinkedIn"
Spam,"Announcing 50,000 Bertelsmann Technology Scholarchips!"
Spam,Noticias Socios Pase Anual (4 Septiembre - 18 Septiembre)
Spam,"Usuario, mira quien entró en la lista LinkedIn Top Startups 2019"
Spam,Agrega una cuenta bancaria en PayPal antes del 25 de septiembre
Spam,Llegó el momento. ¡Los descuentos de Septiembre finalizan hoy!
Spam,Estudia en el Reino Unido - sesión informativa
Spam,"Aprende de un profesional en ""The Data Science Course 2019: Complete Data Science Bootcamp"""
Spam,[Participa] Promoción para desarrolladores de Skilss de Alexa - Septiembre 2019
Spam,Usuario: ¿ya es hora de hacer otro viaje?
Spam,"Usuario, disfruta de las ventajas Genius de Nivel 2 durante todo el año"
Spam,Aprende a llegar a lo más alto. Desde sólo MX$135 por cursos completos
Spam,La invitación de usuario2 está esperando tu respuesta
Spam,¡Atrévete a acelerar tu aprendizaje!
Spam,Tienes 17 ideas nuevas esperándote
Spam,¡Triunfa con cursos de informática y software desde sólo MX$135!
Spam,Vive y estudia en el Reino Unido - Study UK Fair en la CDMX ¡Regístrate!
Spam,¡La preventa de renovación en Pases Anuales 2020 termina esta noche!
Spam,"Hoy no es un día cualquiera, porque ¡ya está aquí el catálogo de cursos semanal!"
Spam,"Apréndelo ahora, no lo dejes para luego. Echa un vistazo a nuestros cursos"
Spam,No pierdas tu lugar - Curso Machine Learning Práctico - 21Sep19 - CDMX
Spam,Has aparecido en 10 búsquedas esta semanal
Spam,Mira de todo lo que te has perdido esta semana